2026-03-12 16:32:09,5180,17.798.700,23.729.000,180.500.000,176.500.000,94.500.000,53.000.000,27.500.000
2026-03-12 16:33:10,5183,17.798.700,23.729.000,180.500.000,176.500.000,94.500.000,53.000.000,27.500.000
2026-03-12 16:34:10,5185,17.798.700,23.729.000,180.500.000,176.500.000,94.500.000,53.000.000,27.500.000
2026-03-12 16:34:48,5185,17798700,23729000,180500000,176500000,94500000,53000000,27500000
2026-03-12 16:35:49,5183,17798700,23729000,180500000,176500000,94500000,53000000,27500000
2026-03-12 16:36:49,5183,17798700,23729000,180500000,176500000,94500000,53000000,27500000
2026-03-12 16:37:50,5181,17798700,23729000,180500000,176500000,94500000,53000000,27500000
2026-03-12 16:38:50,5181,17798700,23729000,180500000,176500000,94500000,53000000,27500000
2026-03-12 16:39:51,5181,17798700,23729000,180500000,176500000,94500000,53000000,27500000
2026-03-12 16:40:51,5181,17798700,23729000,180500000,176500000,94500000,53000000,27500000
2026-03-12 16:41:52,5183,17798700,23729000,180500000,176500000,94500000,53000000,27500000
2026-03-12 16:42:52,5183,17798700,23729000,180500000,176500000,94500000,53000000,27500000
2026-03-12 16:43:53,5184,17798700,23729000,180500000,176500000,94500000,53000000,27500000
2026-03-12 16:44:54,5184,17798700,23729000,180500000,176500000,94500000,53000000,27500000
2026-03-12 16:45:54,5183,17798700,23729000,180500000,176500000,94500000,53000000,27500000
2026-03-12 16:46:55,5182,17798700,23729000,180500000,176500000,94500000,53000000,27500000
2026-03-12 16:47:55,5180,17798700,23729000,180500000,176500000,94500000,53000000,27500000
2026-03-12 16:48:56,5177,17798700,23729000,180500000,176500000,94500000,53000000,27500000
2026-03-12 16:49:57,5177,17798700,23729000,180500000,176500000,94500000,53000000,27500000
2026-03-12 16:50:57,5176,17798700,23729000,180500000,176500000,94500000,53000000,27500000
2026-03-12 16:51:58,5175,17798700,23729000,180500000,176500000,94500000,53000000,27500000
2026-03-12 16:52:58,5174,17798700,23729000,180500000,176500000,94500000,53000000,27500000
2026-03-12 16:53:59,5174,17798700,23729000,180500000,176500000,94500000,53000000,27500000
2026-03-12 16:54:59,5169,17798700,23729000,180500000,176500000,94500000,53000000,27500000
2026-03-12 16:55:59,5169,17798700,23729000,180500000,176500000,94500000,53000000,27500000
2026-03-12 16:57:00,5167,17798700,23729000,180500000,176500000,94500000,53000000,27500000
2026-03-12 16:58:00,5170,17801000,23732000,180500000,176500000,94500000,53000000,27500000
2026-03-12 16:59:01,5172,17798700,23729000,180000000,176500000,94500000,53000000,27500000
2026-03-12 17:00:07,5172,17798700,23729000,180000000,176000000,94500000,53000000,27500000
2026-03-12 17:01:07,5172,17798700,23729000,180000000,176000000,94500000,53000000,27500000
2026-03-12 17:02:08,5172,17798700,23729000,180000000,176000000,94500000,53000000,27500000
2026-03-12 17:03:08,5169,17798700,23729000,180000000,176000000,94500000,53000000,27500000
2026-03-12 17:04:09,5167,17798700,23729000,180000000,176000000,94500000,53000000,27500000
2026-03-12 17:05:09,5162,17798700,23729000,180000000,176000000,94500000,53000000,27500000
2026-03-12 17:06:10,5166,17798700,23729000,180000000,176000000,94500000,53000000,27500000
2026-03-12 17:07:10,5166,17798700,23729000,180000000,176000000,94500000,53000000,27500000
2026-03-12 17:08:11,5166,17798700,23729000,180000000,176000000,94500000,53000000,27500000
2026-03-12 17:09:11,5162,17798700,23729000,180000000,176000000,94500000,53000000,27500000
2026-03-12 17:10:12,5163,17798700,23729000,180000000,176000000,94500000,53000000,27500000
2026-03-12 17:11:12,5164,17798700,23729000,180000000,176000000,94500000,53000000,27500000
2026-03-12 17:12:13,5161,17798700,23729000,180000000,176000000,94500000,53000000,27500000
2026-03-12 17:13:13,5160,17798700,23729000,180000000,176000000,94500000,53000000,27500000
2026-03-12 17:14:14,5160,17798700,23729000,180000000,176000000,94500000,53000000,27500000
2026-03-12 17:15:14,5159,17798700,23729000,180000000,176000000,94500000,53000000,27500000
2026-03-12 17:16:15,5158,17798700,23729000,180000000,176000000,94500000,53000000,27500000
2026-03-12 17:17:15,5157,17798700,23729000,180000000,176000000,94500000,53000000,27500000
2026-03-12 17:18:15,5156,17798700,23729000,180000000,176000000,94500000,53000000,27500000
2026-03-12 17:19:16,5155,17798700,23729000,180000000,176000000,94500000,53000000,27500000
2026-03-12 17:20:16,5154,17798700,23729000,180000000,176000000,94500000,53000000,27500000
2026-03-12 17:21:17,5154,17798700,23729000,180000000,176000000,94500000,53000000,27500000
2026-03-12 17:22:17,5155,17798700,23729000,180000000,176000000,94500000,53000000,27500000
2026-03-12 17:23:18,5158,17798700,23729000,180000000,176000000,94500000,53000000,27500000
2026-03-12 17:24:18,5157,17798700,23729000,180000000,176000000,94500000,53000000,27500000
2026-03-12 17:25:19,5154,17798700,23729000,180000000,176000000,94500000,53000000,27500000
2026-03-12 17:26:19,5151,17798700,23729000,180000000,176000000,94500000,53000000,27500000
2026-03-12 17:27:20,5151,17798700,23729000,180000000,176000000,94500000,53000000,27500000
2026-03-12 17:28:20,5149,17798700,23729000,180000000,176000000,94500000,53000000,27500000
2026-03-12 17:29:21,5149,17798700,23729000,180000000,176000000,94500000,53000000,27500000
2026-03-12 17:30:21,5151,17752500,23667000,180000000,176000000,94500000,53000000,27500000
2026-03-12 17:31:22,5152,17752500,23667000,180000000,176000000,94500000,53000000,27500000
2026-03-12 17:32:22,5153,17752500,23667000,180000000,176000000,94500000,53000000,27500000
2026-03-12 17:33:23,5157,17752500,23667000,180000000,176000000,94500000,53000000,27500000
2026-03-12 17:34:23,5157,17752500,23667000,180000000,176000000,94500000,53000000,27500000
2026-03-12 17:35:24,5159,17752500,23667000,180000000,176000000,94500000,53000000,27500000
2026-03-12 17:36:25,5161,17752500,23667000,180000000,176000000,94500000,53000000,27500000
2026-03-12 17:37:25,5161,17752500,23667000,180000000,176000000,94500000,53000000,27500000
2026-03-12 17:38:26,5161,17752500,23667000,180000000,176000000,94500000,53000000,27500000
2026-03-12 17:39:26,5157,17752500,23667000,180000000,176000000,94500000,53000000,27500000
2026-03-12 17:40:27,5157,17752500,23667000,180000000,176000000,94500000,53000000,27500000
2026-03-12 17:41:27,5157,17752500,23667000,180000000,176000000,94500000,53000000,27500000
2026-03-12 17:42:28,5157,17752500,23667000,180000000,176000000,94500000,53000000,27500000
2026-03-12 17:43:28,5157,17752500,23667000,180000000,176000000,94500000,53000000,27500000
2026-03-12 17:44:29,5157,17752500,23667000,180000000,176000000,94500000,53000000,27500000
2026-03-12 17:45:30,5160,17752500,23667000,180000000,176000000,94500000,53000000,27500000
2026-03-12 17:46:30,5160,17752500,23667000,180000000,176000000,94500000,53000000,27500000
2026-03-12 17:47:31,5160,17752500,23667000,180000000,176000000,94500000,53000000,27500000
2026-03-12 17:48:31,5159,17752500,23667000,180000000,176000000,94500000,53000000,27500000
2026-03-12 17:49:31,5157,17752500,23667000,180000000,176000000,94500000,53000000,27500000
2026-03-12 17:50:32,5155,17752500,23667000,180000000,176000000,94500000,53000000,27500000
2026-03-12 17:51:32,5155,17752500,23667000,180000000,176000000,94500000,53000000,27500000
2026-03-12 17:52:33,5156,17752500,23667000,180000000,176000000,94500000,53000000,27500000
2026-03-12 17:53:33,5156,17752500,23667000,180000000,176000000,94500000,53000000,27500000
2026-03-12 17:54:34,5154,17752500,23667000,180000000,176000000,94500000,53000000,27500000
2026-03-12 17:55:34,5154,17752500,23667000,180000000,176000000,94500000,53000000,27500000
2026-03-12 17:56:35,5152,17752500,23667000,180000000,176000000,94500000,53000000,27500000
2026-03-12 17:57:35,5153,17752500,23667000,180000000,176000000,94500000,53000000,27500000
2026-03-12 17:58:36,5154,17752500,23667000,180000000,176000000,94500000,53000000,27500000
2026-03-12 17:59:36,5154,17752500,23667000,180000000,176000000,94500000,53000000,27500000
2026-03-12 18:00:37,5154,17752500,23667000,180000000,176000000,94500000,53000000,27500000
2026-03-12 18:01:37,5152,17752500,23667000,180000000,176000000,94500000,53000000,27500000
2026-03-12 18:02:38,5152,17752500,23667000,180000000,176000000,94500000,53000000,27500000
2026-03-12 18:03:38,5153,17752500,23667000,180000000,176000000,94500000,53000000,27500000
2026-03-12 18:04:39,5150,17752500,23667000,180000000,176000000,94500000,53000000,27500000
2026-03-12 18:05:39,5148,17752500,23667000,180000000,176000000,94500000,53000000,27500000
2026-03-12 18:06:40,5148,17752500,23667000,180000000,176000000,94500000,53000000,27500000
2026-03-12 18:07:40,5147,17752500,23667000,180000000,176000000,94500000,53000000,27500000
2026-03-12 18:08:41,5150,17752500,23667000,180000000,176000000,94500000,53000000,27500000
2026-03-12 18:09:41,5149,17752500,23667000,180000000,176000000,94500000,53000000,27500000
2026-03-12 18:10:42,5144,17752500,23667000,180000000,176000000,94500000,53000000,27500000
2026-03-12 18:11:42,5147,17752500,23667000,180000000,176000000,94500000,53000000,27500000
2026-03-12 18:12:43,5147,17752500,23667000,180000000,176000000,94500000,53000000,27500000
2026-03-12 18:13:43,5144,17752500,23667000,180000000,176000000,94500000,53000000,27500000
2026-03-12 18:14:43,5142,17752500,23667000,180000000,176000000,94500000,53000000,27500000
2026-03-12 18:15:44,5142,17752500,23667000,180000000,176000000,94500000,53000000,27500000
2026-03-12 18:16:44,5144,17752500,23667000,180000000,176000000,94500000,53000000,27500000
2026-03-12 18:17:45,5149,17752500,23667000,180000000,176000000,94500000,53000000,27500000
2026-03-12 18:18:45,5151,17752500,23667000,180000000,176000000,94500000,53000000,27500000
2026-03-12 18:19:46,5151,17752500,23667000,180000000,176000000,94500000,53000000,27500000
2026-03-12 18:20:46,5151,17752500,23667000,180000000,176000000,94500000,53000000,27500000
2026-03-12 18:21:47,5142,17752500,23667000,180000000,176000000,94500000,53000000,27500000
2026-03-12 18:22:47,5142,17752500,23667000,180000000,176000000,94500000,53000000,27500000
2026-03-12 18:23:48,5142,17752500,23667000,180000000,176000000,94500000,53000000,27500000
2026-03-12 18:24:48,5142,17752500,23667000,180000000,176000000,94500000,53000000,27500000
2026-03-12 18:25:49,5142,17752500,23667000,180000000,176000000,94500000,53000000,27500000
2026-03-12 18:26:49,5142,17752500,23667000,180000000,176000000,94500000,53000000,27500000
2026-03-12 18:27:50,5142,17752500,23667000,180000000,176000000,94500000,53000000,27500000
2026-03-12 18:28:50,5142,17752500,23667000,180000000,176000000,94500000,53000000,27500000
2026-03-12 18:29:51,5141,17752500,23667000,180000000,176000000,94500000,53000000,27500000
2026-03-12 18:30:51,5144,17752500,23667000,180000000,176000000,94500000,53000000,27500000
2026-03-12 18:31:51,5143,17752500,23667000,180000000,176000000,94500000,53000000,27500000
2026-03-12 18:32:52,5143,17752500,23667000,180000000,176000000,94500000,53000000,27500000
2026-03-12 18:33:52,5143,17752500,23667000,180000000,176000000,94500000,53000000,27500000
2026-03-12 18:34:53,5143,17752500,23667000,180000000,176000000,94500000,53000000,27500000
2026-03-12 18:35:53,5143,17752500,23667000,180000000,176000000,94500000,53000000,27500000
2026-03-12 18:36:54,5143,17752500,23667000,180000000,176000000,94500000,53000000,27500000
2026-03-12 18:37:54,5143,17752500,23667000,180000000,176000000,94500000,53000000,27500000
2026-03-12 18:38:55,5143,17752500,23667000,180000000,176000000,94500000,53000000,27500000
2026-03-12 18:39:55,5143,17752500,23667000,180000000,176000000,94500000,53000000,27500000
2026-03-12 18:40:56,5143,17752500,23667000,180000000,176000000,94500000,53000000,27500000
2026-03-12 18:41:56,5143,17752500,23667000,180000000,176000000,94500000,53000000,27500000
2026-03-12 18:42:57,5143,17752500,23667000,180000000,176000000,94500000,53000000,27500000
2026-03-12 18:43:57,5143,17752500,23667000,180000000,176000000,94500000,53000000,27500000
2026-03-12 18:44:58,5143,17752500,23667000,180000000,176000000,94500000,53000000,27500000
2026-03-12 18:45:58,5143,17752500,23667000,180000000,176000000,94500000,53000000,27500000
2026-03-12 18:46:59,5143,17752500,23667000,180000000,176000000,94500000,53000000,27500000
2026-03-12 18:47:59,5143,17752500,23667000,180000000,176000000,94500000,53000000,27500000
2026-03-12 18:49:00,5143,17752500,23667000,180000000,176000000,94500000,53000000,27500000
2026-03-12 18:50:00,5143,17752500,23667000,180000000,176000000,94500000,53000000,27500000
2026-03-12 18:50:20,5143,17752500,23667000,180000000,176000000,94500000,53000000,27500000
2026-03-12 18:51:01,5143,17752500,23667000,180000000,176000000,94500000,53000000,27500000
2026-03-12 18:52:01,5143,17752500,23667000,180000000,176000000,94500000,53000000,27500000
2026-03-12 18:52:16,5143,17752500,23667000,180000000,176000000,94500000,53000000,27500000
2026-03-12 18:53:02,5143,17752500,23667000,180000000,176000000,94500000,53000000,27500000
2026-03-12 18:54:02,5143,17752500,23667000,180000000,176000000,94500000,53000000,27500000
2026-03-12 18:54:57,5143,17752500,23667000,180000000,176000000,94500000,53000000,27500000
2026-03-12 19:54:57,5137,17752500,23667000,180000000,176000000,94500000,53000000,27500000
2026-03-12 23:47:44,5087,17752500,23667000,180000000,176000000,94500000,53000000,27500000
2026-03-12 23:48:47,5087,17752500,23667000,180000000,176000000,94500000,53000000,27500000
2026-03-12 23:49:48,5088,17752500,23667000,180000000,176000000,94500000,53000000,27500000
2026-03-12 23:50:49,5087,17752500,23667000,180000000,176000000,94500000,53000000,27500000
2026-03-12 23:51:49,5086,17752500,23667000,180000000,176000000,94500000,53000000,27500000
2026-03-12 23:52:50,5084,17752500,23667000,180000000,176000000,94500000,53000000,27500000
2026-03-12 23:53:50,5081,17752500,23667000,180000000,176000000,94500000,53000000,27500000
2026-03-12 23:54:51,5081,17752500,23667000,180000000,176000000,94500000,53000000,27500000
2026-03-12 23:55:52,5079,17752500,23667000,180000000,176000000,94500000,53000000,27500000
2026-03-12 23:56:53,5081,17752500,23667000,180000000,176000000,94500000,53000000,27500000
2026-03-13 14:36:38,5094,17706300,23606000,180000000,176000000,94500000,53000000,27500000
2026-03-13 14:37:39,5094,17706300,23606000,180000000,176000000,94500000,53000000,27500000
2026-03-13 14:38:39,5094,17706300,23606000,180000000,176000000,94500000,53000000,27500000
2026-03-13 14:39:40,5095,17706300,23606000,180000000,176000000,94500000,53000000,27500000
2026-03-13 14:40:40,5092,17706300,23606000,180000000,176000000,94500000,53000000,27500000
2026-03-13 14:41:41,5089,17706300,23606000,180000000,176000000,94500000,53000000,27500000
2026-03-13 14:42:41,5088,17706300,23606000,180000000,176000000,94500000,53000000,27500000
2026-03-13 14:43:42,5087,17706300,23606000,180000000,176000000,94500000,53000000,27500000
2026-03-13 14:44:42,5087,17706300,23606000,180000000,176000000,94500000,53000000,27500000
2026-03-14 22:11:40,5019,17244600,22990000,175500000,171500000,92500000,49500000,27000000
2026-03-14 22:12:41,5019,17244600,22990000,175500000,171500000,92500000,49500000,27000000
2026-03-17 17:10:23,5019,18560500,24744000,190000000,183000000,98000000,55000000,27000000
2026-03-17 17:11:23,5022,18560500,24744000,190000000,183000000,98000000,55000000,27000000
2026-03-17 17:12:24,5025,18560500,24744000,190000000,183000000,98000000,55000000,27000000
2026-03-17 17:13:24,5029,18560500,24744000,190000000,183000000,98000000,55000000,27000000
2026-03-17 17:14:25,5028,18560500,24744000,190000000,183000000,98000000,55000000,27000000
2026-03-17 17:15:25,5028,18560500,24744000,190000000,183000000,98000000,55000000,27000000
2026-03-17 17:16:26,5030,18560500,24744000,190000000,183000000,98000000,55000000,27000000
2026-03-17 17:17:26,5028,18560500,24744000,190000000,183000000,98000000,55000000,27000000
2026-03-17 17:18:27,5026,18560500,24744000,190000000,183000000,98000000,55000000,27000000
2026-03-17 17:19:27,5024,18560500,24744000,190000000,183000000,98000000,55000000,27000000
2026-03-17 17:20:28,5025,18560500,24744000,190000000,183000000,98000000,55000000,27000000
2026-03-17 17:21:29,5025,18560500,24744000,190000000,183000000,98000000,55000000,27000000
2026-03-17 17:22:29,5025,18560500,24744000,190000000,183000000,98000000,55000000,27000000
2026-03-17 17:23:30,5022,18560500,24744000,190000000,183000000,98000000,55000000,27000000
2026-03-17 17:24:30,5019,18560500,24744000,190000000,183000000,98000000,55000000,27000000
2026-03-17 17:25:30,5012,18560500,24744000,190000000,183000000,98000000,55000000,27000000
2026-03-17 17:26:31,5012,18537400,24714000,190000000,183000000,98000000,55000000,27000000
2026-03-17 17:27:31,5013,18537400,24714000,190000000,183000000,98000000,55000000,27000000
2026-03-17 17:28:32,5013,18537400,24714000,190000000,183000000,98000000,55000000,27000000
2026-03-17 17:29:32,5014,18537400,24714000,190000000,183000000,98000000,55000000,27000000
2026-03-17 17:30:33,5016,18537400,24714000,190000000,183000000,98000000,55000000,27000000
2026-03-17 17:31:33,5016,18537400,24714000,190000000,183000000,98000000,55000000,27000000
2026-03-17 17:32:34,5016,18537400,24714000,190000000,183000000,98000000,55000000,27000000
2026-03-17 17:33:35,5016,18537400,24714000,190000000,183000000,98000000,55000000,27000000
2026-03-17 17:34:35,5016,18537400,24714000,190000000,183000000,98000000,55000000,27000000
2026-03-17 17:35:36,5016,18537400,24714000,190000000,183000000,98000000,55000000,27000000
2026-03-17 17:36:36,5011,18514300,24683000,190000000,183000000,98000000,55000000,27000000
2026-03-17 17:37:37,5011,18514300,24683000,190000000,183000000,98000000,55000000,27000000
2026-03-17 17:38:38,5012,18514300,24683000,190000000,183000000,98000000,55000000,27000000
2026-03-17 17:39:38,5013,18514300,24683000,190000000,183000000,98000000,55000000,27000000
2026-03-17 17:40:39,5013,18514300,24683000,190000000,183000000,98000000,55000000,27000000
2026-03-17 17:41:39,5016,18514300,24683000,190000000,183000000,98000000,55000000,27000000
2026-03-17 17:42:40,5016,18491200,24652000,190000000,183000000,98000000,55000000,27000000
2026-03-17 17:43:40,5017,18491200,24652000,190000000,183000000,98000000,55000000,27000000
2026-03-17 17:44:41,5016,18491200,24652000,190000000,183000000,98000000,55000000,27000000
2026-03-17 17:45:41,5017,18491200,24652000,190000000,183000000,98000000,55000000,27000000
2026-03-17 17:46:42,5017,18491200,24652000,190000000,183000000,98000000,55000000,27000000
2026-03-17 17:47:42,5018,18514300,24683000,190000000,183000000,98000000,55000000,27000000
2026-03-17 17:48:43,5016,18514300,24683000,190000000,183000000,98000000,55000000,27000000
2026-03-17 17:49:43,5015,18514300,24683000,190000000,183000000,98000000,55000000,27000000
2026-03-17 17:50:44,5015,18514300,24683000,190000000,183000000,98000000,55000000,27000000
2026-03-17 17:51:44,5014,18514300,24683000,190000000,183000000,98000000,55000000,27000000
2026-03-17 17:52:45,5014,18514300,24683000,190000000,183000000,98000000,55000000,27000000
2026-03-17 17:53:45,5013,18514300,24683000,190000000,183000000,98000000,55000000,27000000
2026-03-17 17:54:46,5014,18514300,24683000,190000000,183000000,98000000,55000000,27000000
2026-03-17 17:55:47,5013,18514300,24683000,190000000,183000000,98000000,55000000,27000000
2026-03-17 17:56:47,5013,18514300,24683000,190000000,183000000,98000000,55000000,27000000
2026-03-17 17:57:48,5010,18514300,24683000,190000000,183000000,98000000,55000000,27000000
2026-03-17 17:58:48,5010,18514300,24683000,190000000,183000000,98000000,55000000,27000000
2026-03-17 17:59:49,5010,18514300,24683000,190000000,183000000,98000000,55000000,27000000
2026-03-17 18:00:50,5010,18514300,24683000,190000000,183000000,98000000,55000000,27000000
2026-03-17 18:01:50,5009,18514300,24683000,190000000,183000000,98000000,55000000,27000000
2026-03-17 18:02:51,5008,18514300,24683000,190000000,183000000,98000000,55000000,27000000
2026-03-17 18:03:51,5007,18514300,24683000,190000000,183000000,98000000,55000000,27000000
2026-03-17 18:04:58,5007,18514300,24683000,190000000,183000000,98000000,55000000,27000000
2026-03-17 18:05:58,5009,18514300,24683000,190000000,183000000,98000000,55000000,27000000
2026-03-17 18:06:59,5009,18514300,24683000,190000000,183000000,98000000,55000000,27000000
2026-03-17 18:08:00,5010,18514300,24683000,190000000,183000000,98000000,55000000,27000000
2026-03-17 18:09:00,5011,18514300,24683000,190000000,183000000,98000000,55000000,27000000
2026-03-17 18:10:01,5010,18514300,24683000,190000000,183000000,98000000,55000000,27000000
2026-03-17 18:11:01,5010,18514300,24683000,190000000,183000000,98000000,55000000,27000000
2026-03-17 18:12:02,5009,18514300,24683000,190000000,183000000,98000000,55000000,27000000
2026-03-17 18:13:02,5009,18514300,24683000,190000000,183000000,98000000,55000000,27000000
2026-03-17 18:14:03,5010,18514300,24683000,190000000,183000000,98000000,55000000,27000000
2026-03-17 18:15:03,5011,18560500,24744000,190000000,183000000,98000000,55000000,27000000
2026-03-17 18:16:04,5014,18560500,24744000,190000000,183000000,98000000,55000000,27000000
2026-03-17 18:17:04,5014,18560500,24744000,190000000,183000000,98000000,55000000,27000000
2026-03-17 18:18:05,5014,18560500,24744000,190000000,183000000,98000000,55000000,27000000
2026-03-17 18:19:05,5014,18560500,24744000,190000000,183000000,98000000,55000000,27000000
2026-03-17 18:20:06,5018,18560500,24744000,190000000,183000000,98000000,55000000,27000000
2026-03-17 18:21:07,5018,18537400,24714000,190000000,183000000,98000000,55000000,27000000
2026-03-17 18:22:07,5019,18537400,24714000,190000000,183000000,98000000,55000000,27000000
2026-03-17 18:23:08,5019,18537400,24714000,190000000,183000000,98000000,55000000,27000000
2026-03-17 18:24:08,5018,18537400,24714000,190000000,183000000,98000000,55000000,27000000
2026-03-17 18:25:09,5015,18537400,24714000,190000000,183000000,98000000,55000000,27000000
2026-03-17 18:26:09,5013,18537400,24714000,190000000,183000000,98000000,55000000,27000000
2026-03-17 18:27:10,5011,18537400,24714000,190000000,183000000,98000000,55000000,27000000
2026-03-17 18:28:11,5010,18537400,24714000,190000000,183000000,98000000,55000000,27000000
2026-03-17 18:29:11,5010,18537400,24714000,190000000,183000000,98000000,55000000,27000000
2026-03-17 18:30:12,5010,18537400,24714000,190000000,183000000,98000000,55000000,27000000
2026-03-17 18:31:12,5010,18537400,24714000,190000000,183000000,98000000,55000000,27000000
2026-03-17 18:32:13,5008,18537400,24714000,190000000,183000000,98000000,55000000,27000000
2026-03-17 18:33:13,5011,18537400,24714000,190000000,183000000,98000000,55000000,27000000
2026-03-17 18:34:14,5016,18537400,24714000,190000000,183000000,98000000,55000000,27000000
2026-03-17 18:35:14,5016,18537400,24714000,190000000,183000000,98000000,55000000,27000000
2026-03-17 18:36:15,5016,18537400,24714000,190000000,183000000,98000000,55000000,27000000
2026-03-17 18:37:15,5015,18537400,24714000,190000000,183000000,98000000,55000000,27000000
2026-03-17 18:38:16,5015,18537400,24714000,190000000,183000000,98000000,55000000,27000000
2026-03-17 18:39:16,5016,18537400,24714000,190000000,183000000,98000000,55000000,27000000
2026-03-17 18:40:17,5014,18537400,24714000,190000000,183000000,98000000,55000000,27000000
2026-03-17 18:41:18,5011,18537400,24714000,190000000,183000000,98000000,55000000,27000000
2026-03-17 18:42:18,5011,18537400,24714000,190000000,183000000,98000000,55000000,27000000
2026-03-17 18:43:19,5011,18537400,24714000,190000000,183000000,98000000,55000000,27000000
2026-03-17 18:44:19,5011,18537400,24714000,190000000,183000000,98000000,55000000,27000000
2026-03-17 18:45:20,5012,18537400,24714000,190000000,183000000,98000000,55000000,27000000
2026-03-17 18:46:20,5012,18537400,24714000,190000000,183000000,98000000,55000000,27000000
2026-03-17 18:47:21,5010,18537400,24714000,190000000,183000000,98000000,55000000,27000000
2026-03-17 18:48:21,5012,18537400,24714000,190000000,183000000,98000000,55000000,27000000
2026-03-17 18:49:22,5012,18537400,24714000,190000000,183000000,98000000,55000000,27000000
2026-03-17 18:50:23,5012,18537400,24714000,190000000,183000000,98000000,55000000,27000000
2026-03-17 18:51:26,5013,18537400,24714000,190000000,183000000,98000000,55000000,27000000
2026-03-17 18:52:26,5012,18537400,24714000,190000000,183000000,98000000,55000000,27000000
2026-03-17 18:53:27,5011,18537400,24714000,190000000,183000000,98000000,55000000,27000000
2026-03-17 18:54:28,5007,18537400,24714000,190000000,183000000,98000000,55000000,27000000
2026-03-17 18:55:28,5007,18537400,24714000,190000000,183000000,98000000,55000000,27000000
2026-03-17 18:56:29,5008,18537400,24714000,190000000,183000000,98000000,55000000,27000000
2026-03-17 18:57:29,5008,18537400,24714000,190000000,183000000,98000000,55000000,27000000
2026-03-17 18:58:30,5007,18537400,24714000,190000000,183000000,98000000,55000000,27000000
2026-03-17 18:59:31,5007,18537400,24714000,190000000,183000000,98000000,55000000,27000000
2026-03-17 19:00:31,4999,18537400,24714000,190000000,183000000,98000000,55000000,27000000
2026-03-17 19:01:32,4997,18537400,24714000,190000000,183000000,98000000,55000000,27000000
2026-03-17 19:02:32,4997,18537400,24714000,190000000,183000000,98000000,55000000,27000000
2026-03-17 19:03:33,5000,18537400,24714000,190000000,183000000,98000000,55000000,27000000
2026-03-17 19:04:33,4999,18537400,24714000,190000000,183000000,98000000,55000000,27000000
2026-03-17 19:05:34,4999,18537400,24714000,190000000,183000000,98000000,55000000,27000000
2026-03-17 19:06:34,4999,18537400,24714000,190000000,183000000,98000000,55000000,27000000
2026-03-17 19:07:35,4994,18537400,24714000,190000000,183000000,98000000,55000000,27000000
2026-03-17 19:08:35,4994,18537400,24714000,190000000,183000000,98000000,55000000,27000000
2026-03-17 19:09:38,4994,18537400,24714000,190000000,183000000,98000000,55000000,27000000
2026-03-17 19:10:39,4989,18537400,24714000,190000000,183000000,98000000,55000000,27000000
2026-03-17 19:11:39,4989,18537400,24714000,190000000,183000000,98000000,55000000,27000000
2026-03-17 19:12:40,4981,18537400,24714000,190000000,183000000,98000000,55000000,27000000
2026-03-17 19:13:40,4979,18537400,24714000,190000000,183000000,98000000,55000000,27000000
2026-03-17 19:14:41,4979,18537400,24714000,190000000,183000000,98000000,55000000,27000000
2026-03-17 19:15:41,4980,18537400,24714000,190000000,183000000,98000000,55000000,27000000
2026-03-17 19:16:42,4981,18537400,24714000,190000000,183000000,98000000,55000000,27000000
2026-03-17 19:17:42,4984,18537400,24714000,190000000,183000000,98000000,55000000,27000000
2026-03-17 19:18:43,4984,18537400,24714000,190000000,183000000,98000000,55000000,27000000
2026-03-17 19:19:43,4990,18537400,24714000,190000000,183000000,98000000,55000000,27000000
2026-03-17 19:20:44,4992,18537400,24714000,190000000,183000000,98000000,55000000,27000000
2026-03-17 19:21:44,4992,18537400,24714000,190000000,183000000,98000000,55000000,27000000
2026-03-17 19:22:45,4992,18537400,24714000,190000000,183000000,98000000,55000000,27000000
2026-03-17 19:23:46,4992,18537400,24714000,190000000,183000000,98000000,55000000,27000000
2026-03-17 19:24:46,4992,18537400,24714000,190000000,183000000,98000000,55000000,27000000
2026-03-17 19:25:47,4995,18537400,24714000,190000000,183000000,98000000,55000000,27000000
2026-03-17 19:26:47,4995,18537400,24714000,190000000,183000000,98000000,55000000,27000000
2026-03-17 19:27:48,4996,18537400,24714000,190000000,183000000,98000000,55000000,27000000
2026-03-17 19:28:49,4996,18537400,24714000,190000000,183000000,98000000,55000000,27000000
2026-03-17 19:29:49,4995,18537400,24714000,190000000,183000000,98000000,55000000,27000000
2026-03-17 19:30:50,4995,18537400,24714000,190000000,183000000,98000000,55000000,27000000
2026-03-17 19:31:50,4997,18537400,24714000,190000000,183000000,98000000,55000000,27000000
2026-03-17 19:32:56,4997,18537400,24714000,190000000,183000000,98000000,55000000,27000000
2026-03-17 19:33:56,4997,18537400,24714000,190000000,183000000,98000000,55000000,27000000
2026-03-17 19:34:57,4997,18537400,24714000,190000000,183000000,98000000,55000000,27000000
2026-03-17 19:35:57,4994,18537400,24714000,190000000,183000000,98000000,55000000,27000000
2026-03-17 19:36:58,4996,18537400,24714000,190000000,183000000,98000000,55000000,27000000
2026-03-17 19:37:58,4996,18537400,24714000,190000000,183000000,98000000,55000000,27000000
2026-03-17 19:38:59,4996,18537400,24714000,190000000,183000000,98000000,55000000,27000000
2026-03-17 19:39:59,4996,18537400,24714000,190000000,183000000,98000000,55000000,27000000
2026-03-17 19:41:00,4996,18537400,24714000,190000000,183000000,98000000,55000000,27000000
2026-03-17 19:42:01,4996,18537400,24714000,190000000,183000000,98000000,55000000,27000000
2026-03-17 19:43:01,4996,18537400,24714000,190000000,183000000,98000000,55000000,27000000
2026-03-17 19:44:02,4996,18537400,24714000,190000000,183000000,98000000,55000000,27000000
2026-03-17 19:45:02,4996,18537400,24714000,190000000,183000000,98000000,55000000,27000000
2026-03-17 19:46:03,4996,18537400,24714000,190000000,183000000,98000000,55000000,27000000
2026-03-17 19:47:03,4996,18537400,24714000,190000000,183000000,98000000,55000000,27000000
2026-03-17 19:48:04,4996,18537400,24714000,190000000,183000000,98000000,55000000,27000000
2026-03-17 19:49:04,4996,18537400,24714000,190000000,183000000,98000000,55000000,27000000
2026-03-17 19:50:05,4996,18537400,24714000,190000000,183000000,98000000,55000000,27000000
2026-03-17 19:51:05,4996,18537400,24714000,190000000,183000000,98000000,55000000,27000000
2026-03-17 19:52:06,4996,18537400,24714000,190000000,183000000,98000000,55000000,27000000
2026-03-17 19:53:06,4996,18537400,24714000,190000000,183000000,98000000,55000000,27000000
2026-03-17 19:54:07,4996,18537400,24714000,190000000,183000000,98000000,55000000,27000000
2026-03-17 19:55:07,4996,18537400,24714000,190000000,183000000,98000000,55000000,27000000
2026-03-17 19:56:08,4996,18537400,24714000,190000000,183000000,98000000,55000000,27000000
2026-03-17 19:57:08,4996,18537400,24714000,190000000,183000000,98000000,55000000,27000000
2026-03-17 19:58:09,4996,18537400,24714000,190000000,183000000,98000000,55000000,27000000
2026-03-17 19:59:09,4996,18537400,24714000,190000000,183000000,98000000,55000000,27000000
2026-03-17 20:00:10,4996,18537400,24714000,190000000,183000000,98000000,55000000,27000000
2026-03-17 20:01:11,4996,18537400,24714000,190000000,183000000,98000000,55000000,27000000
2026-03-17 20:02:11,4996,18537400,24714000,190000000,183000000,98000000,55000000,27000000
2026-03-17 20:03:12,4996,18537400,24714000,190000000,183000000,98000000,55000000,27000000
2026-03-17 20:04:12,4996,18537400,24714000,190000000,183000000,98000000,55000000,27000000
2026-03-17 20:05:13,4996,18537400,24714000,190000000,183000000,98000000,55000000,27000000
2026-03-17 20:06:14,4996,18537400,24714000,190000000,183000000,98000000,55000000,27000000
2026-03-17 20:07:14,4996,18537400,24714000,190000000,183000000,98000000,55000000,27000000
2026-03-17 20:08:15,4996,18537400,24714000,190000000,183000000,98000000,55000000,27000000
2026-03-17 20:09:15,4996,18537400,24714000,190000000,183000000,98000000,55000000,27000000
2026-03-17 20:10:16,4996,18537400,24714000,190000000,183000000,98000000,55000000,27000000
2026-03-17 20:11:16,4996,18537400,24714000,190000000,183000000,98000000,55000000,27000000
2026-03-17 20:12:18,4996,18537400,24714000,190000000,183000000,98000000,55000000,27000000
2026-03-17 20:13:18,4996,18537400,24714000,190000000,183000000,98000000,55000000,27000000
2026-03-17 20:14:20,4996,18537400,24714000,190000000,183000000,98000000,55000000,27000000
2026-03-17 20:15:21,4996,18537400,24714000,190000000,183000000,98000000,55000000,27000000
2026-03-17 20:16:21,4996,18537400,24714000,190000000,183000000,98000000,55000000,27000000
2026-03-17 20:17:22,4996,18537400,24714000,190000000,183000000,98000000,55000000,27000000
2026-03-17 20:18:23,4996,18537400,24714000,190000000,183000000,98000000,55000000,27000000
2026-03-17 20:19:34,4996,18537400,24714000,190000000,183000000,98000000,55000000,27000000
2026-03-17 20:20:34,4996,18537400,24714000,190000000,183000000,98000000,55000000,27000000
2026-03-17 20:21:35,4996,18537400,24714000,190000000,183000000,98000000,55000000,27000000
2026-03-17 20:22:36,4996,18537400,24714000,190000000,183000000,98000000,55000000,27000000
2026-03-17 20:23:36,4996,18537400,24714000,190000000,183000000,98000000,55000000,27000000
2026-03-17 20:24:36,4996,18537400,24714000,190000000,183000000,98000000,55000000,27000000
2026-03-17 20:25:37,4996,18537400,24714000,190000000,183000000,98000000,55000000,27000000
2026-03-17 20:26:37,4996,18537400,24714000,190000000,183000000,98000000,55000000,27000000
2026-03-17 20:27:38,4996,18537400,24714000,190000000,183000000,98000000,55000000,27000000
2026-03-17 20:28:39,4997,18537400,24714000,190000000,183000000,98000000,55000000,27000000
2026-03-17 20:29:39,5003,18537400,24714000,190000000,183000000,98000000,55000000,27000000
2026-03-17 20:30:40,5003,18537400,24714000,190000000,183000000,98000000,55000000,27000000
2026-03-17 20:31:40,5003,18537400,24714000,190000000,183000000,98000000,55000000,27000000
2026-03-17 20:32:41,5002,18537400,24714000,190000000,183000000,98000000,55000000,27000000
2026-03-17 20:33:42,5003,18537400,24714000,190000000,183000000,98000000,55000000,27000000
2026-03-17 20:34:42,5004,18537400,24714000,190000000,183000000,98000000,55000000,27000000
2026-03-17 20:35:43,5006,18537400,24714000,190000000,183000000,98000000,55000000,27000000
2026-03-17 20:36:44,5005,18537400,24714000,190000000,183000000,98000000,55000000,27000000
2026-03-17 20:37:44,5005,18537400,24714000,190000000,183000000,98000000,55000000,27000000
2026-03-17 20:38:45,5005,18537400,24714000,190000000,183000000,98000000,55000000,27000000
2026-03-17 20:39:45,5004,18537400,24714000,190000000,183000000,98000000,55000000,27000000
2026-03-17 20:40:46,5004,18537400,24714000,190000000,183000000,98000000,55000000,27000000
2026-03-17 20:41:46,5005,18537400,24714000,190000000,183000000,98000000,55000000,27000000
2026-03-17 20:42:47,5006,18537400,24714000,190000000,183000000,98000000,55000000,27000000
2026-03-17 20:43:47,5006,18537400,24714000,190000000,183000000,98000000,55000000,27000000
2026-03-17 20:44:48,5006,18537400,24714000,190000000,183000000,98000000,55000000,27000000
2026-03-17 20:45:49,5004,18537400,24714000,190000000,183000000,98000000,55000000,27000000
2026-03-17 20:46:49,5004,18537400,24714000,190000000,183000000,98000000,55000000,27000000
2026-03-17 20:47:50,5004,18537400,24714000,190000000,183000000,98000000,55000000,27000000
2026-03-17 20:48:50,5003,18537400,24714000,190000000,183000000,98000000,55000000,27000000
2026-03-17 20:49:51,5003,18537400,24714000,190000000,183000000,98000000,55000000,27000000
2026-03-17 20:50:52,5003,18537400,24714000,190000000,183000000,98000000,55000000,27000000
2026-03-17 20:51:52,5003,18537400,24714000,190000000,183000000,98000000,55000000,27000000
2026-03-17 20:52:53,5004,18537400,24714000,190000000,183000000,98000000,55000000,27000000
2026-03-17 20:53:56,5006,18537400,24714000,190000000,183000000,98000000,55000000,27000000
2026-03-17 20:54:57,5007,18537400,24714000,190000000,183000000,98000000,55000000,27000000
2026-03-17 20:55:57,5007,18537400,24714000,190000000,183000000,98000000,55000000,27000000
2026-03-17 20:56:58,5007,18537400,24714000,190000000,183000000,98000000,55000000,27000000
2026-03-17 20:57:59,5008,18537400,24714000,190000000,183000000,98000000,55000000,27000000
2026-03-17 20:58:59,5008,18537400,24714000,190000000,183000000,98000000,55000000,27000000
2026-03-17 21:00:01,5007,18537400,24714000,190000000,183000000,98000000,55000000,27000000
2026-03-17 21:01:01,5005,18537400,24714000,190000000,183000000,98000000,55000000,27000000
2026-03-17 21:02:06,5005,18537400,24714000,190000000,183000000,98000000,55000000,27000000
2026-03-17 21:03:06,5003,18537400,24714000,190000000,183000000,98000000,55000000,27000000
2026-03-17 21:04:07,5004,18537400,24714000,190000000,183000000,98000000,55000000,27000000
2026-03-17 21:05:07,5003,18537400,24714000,190000000,183000000,98000000,55000000,27000000
2026-04-03 21:04:19,4677,18098800,24129000,187500000,180500000,98500000,58000000,29000000
2026-04-03 21:05:19,4677,18098800,24129000,187500000,180500000,98500000,58000000,29000000
2026-04-03 21:06:20,4677,18098800,24129000,187500000,180500000,98500000,58000000,29000000
2026-04-03 21:07:20,4677,18098800,24129000,187500000,180500000,98500000,58000000,29000000
2026-04-03 21:08:21,4677,18098800,24129000,187500000,180500000,98500000,58000000,29000000
2026-04-03 21:09:21,4677,18098800,24129000,187500000,180500000,98500000,58000000,29000000
2026-04-03 21:10:22,4677,18098800,24129000,187500000,180500000,98500000,58000000,29000000
2026-04-03 21:11:22,4677,18098800,24129000,187500000,180500000,98500000,58000000,29000000
2026-04-03 21:12:23,4677,18098800,24129000,187500000,180500000,98500000,58000000,29000000
2026-04-03 21:13:23,4677,18098800,24129000,187500000,180500000,98500000,58000000,29000000
2026-04-03 21:14:24,4677,18098800,24129000,187500000,180500000,98500000,58000000,29000000
2026-04-03 21:15:24,4677,18098800,24129000,187500000,180500000,98500000,58000000,29000000
2026-04-03 21:16:25,4677,18098800,24129000,187500000,180500000,98500000,58000000,29000000
2026-04-03 21:17:25,4677,18098800,24129000,187500000,180500000,98500000,58000000,29000000
2026-04-03 21:18:25,4677,18098800,24129000,187500000,180500000,98500000,58000000,29000000
2026-04-03 21:19:26,4677,18098800,24129000,187500000,180500000,98500000,58000000,29000000
2026-04-03 21:20:26,4677,18098800,24129000,187500000,180500000,98500000,58000000,29000000
2026-04-03 21:21:27,4677,18098800,24129000,187500000,180500000,98500000,58000000,29000000
2026-04-03 21:22:27,4677,18098800,24129000,187500000,180500000,98500000,58000000,29000000
2026-04-03 21:23:28,4677,18098800,24129000,187500000,180500000,98500000,58000000,29000000
2026-04-03 21:24:28,4677,18098800,24129000,187500000,180500000,98500000,58000000,29000000
2026-04-03 21:25:28,4677,18098800,24129000,187500000,180500000,98500000,58000000,29000000
2026-04-03 21:26:29,4677,18098800,24129000,187500000,180500000,98500000,58000000,29000000
2026-04-03 21:27:30,4677,18098800,24129000,187500000,180500000,98500000,58000000,29000000
2026-04-03 21:28:30,4677,18098800,24129000,187500000,180500000,98500000,58000000,29000000
2026-04-03 21:29:30,4677,18098800,24129000,187500000,180500000,98500000,58000000,29000000
2026-04-04 02:57:15,4677,18098800,24129000,187500000,180500000,98500000,58000000,29000000
2026-04-04 02:58:16,4677,18098800,24129000,187500000,180500000,98500000,58000000,29000000
2026-04-04 02:59:16,4677,18098800,24129000,187500000,180500000,98500000,58000000,29000000
2026-04-04 03:00:17,4677,18098800,24129000,187500000,180500000,98500000,58000000,29000000
2026-04-04 03:01:17,4677,18098800,24129000,187500000,180500000,98500000,58000000,29000000
2026-04-04 03:02:18,4677,18098800,24129000,187500000,180500000,98500000,58000000,29000000
2026-04-04 03:03:18,4677,18098800,24129000,187500000,180500000,98500000,58000000,29000000
2026-04-04 03:04:21,4677,18098800,24129000,187500000,180500000,98500000,58000000,29000000
2026-04-04 03:05:21,4677,18098800,24129000,187500000,180500000,98500000,58000000,29000000
2026-04-04 03:06:22,4677,18098800,24129000,187500000,180500000,98500000,58000000,29000000
2026-04-04 03:07:22,4677,18098800,24129000,187500000,180500000,98500000,58000000,29000000
2026-04-04 03:08:23,4677,18098800,24129000,187500000,180500000,98500000,58000000,29000000
2026-04-04 03:09:23,4677,18098800,24129000,187500000,180500000,98500000,58000000,29000000
2026-04-04 03:10:24,4677,18098800,24129000,187500000,180500000,98500000,58000000,29000000
2026-04-04 03:11:24,4677,18098800,24129000,187500000,180500000,98500000,58000000,29000000
2026-04-04 03:12:25,4677,18098800,24129000,187500000,180500000,98500000,58000000,29000000
2026-04-04 03:13:26,4677,18098800,24129000,187500000,180500000,98500000,58000000,29000000
2026-04-04 03:14:26,4677,18098800,24129000,187500000,180500000,98500000,58000000,29000000
2026-04-04 03:15:27,4677,18098800,24129000,187500000,180500000,98500000,58000000,29000000
2026-04-04 03:16:27,4677,18098800,24129000,187500000,180500000,98500000,58000000,29000000
2026-04-04 03:17:28,4677,18098800,24129000,187500000,180500000,98500000,58000000,29000000
2026-04-04 03:18:28,4677,18098800,24129000,187500000,180500000,98500000,58000000,29000000
2026-04-04 03:19:29,4677,18098800,24129000,187500000,180500000,98500000,58000000,29000000
2026-04-04 03:20:29,4677,18098800,24129000,187500000,180500000,98500000,58000000,29000000
2026-04-04 03:21:30,4677,18098800,24129000,187500000,180500000,98500000,58000000,29000000
2026-04-04 03:22:30,4677,18098800,24129000,187500000,180500000,98500000,58000000,29000000
2026-04-04 03:23:31,4677,18098800,24129000,187500000,180500000,98500000,58000000,29000000
2026-04-04 03:24:31,4677,18098800,24129000,187500000,180500000,98500000,58000000,29000000
2026-04-04 03:25:32,4677,18098800,24129000,187500000,180500000,98500000,58000000,29000000
2026-04-04 03:26:32,4677,18098800,24129000,187500000,180500000,98500000,58000000,29000000
2026-04-04 03:27:33,4677,18098800,24129000,187500000,180500000,98500000,58000000,29000000
2026-04-04 03:28:33,4677,18098800,24129000,187500000,180500000,98500000,58000000,29000000
2026-04-04 03:29:34,4677,18098800,24129000,187500000,180500000,98500000,58000000,29000000
2026-04-04 03:30:34,4677,18098800,24129000,187500000,180500000,98500000,58000000,29000000
2026-04-04 03:31:35,4677,18098800,24129000,187500000,180500000,98500000,58000000,29000000
2026-04-04 03:32:35,4677,18098800,24129000,187500000,180500000,98500000,58000000,29000000
2026-04-04 03:33:36,4677,18098800,24129000,187500000,180500000,98500000,58000000,29000000
2026-04-04 03:34:36,4677,18098800,24129000,187500000,180500000,98500000,58000000,29000000
2026-04-04 03:35:37,4677,18098800,24129000,187500000,180500000,98500000,58000000,29000000
2026-04-04 03:36:37,4677,18098800,24129000,187500000,180500000,98500000,58000000,29000000
2026-04-04 03:37:38,4677,18098800,24129000,187500000,180500000,98500000,58000000,29000000
2026-04-04 03:38:38,4677,18098800,24129000,187500000,180500000,98500000,58000000,29000000
2026-04-04 03:39:39,4677,18098800,24129000,187500000,180500000,98500000,58000000,29000000
2026-04-04 03:40:39,4677,18098800,24129000,187500000,180500000,98500000,58000000,29000000
2026-04-04 03:41:40,4677,18098800,24129000,187500000,180500000,98500000,58000000,29000000
2026-04-04 03:42:40,4677,18098800,24129000,187500000,180500000,98500000,58000000,29000000
2026-04-04 03:43:41,4677,18098800,24129000,187500000,180500000,98500000,58000000,29000000
2026-04-04 03:44:41,4677,18098800,24129000,187500000,180500000,98500000,58000000,29000000
2026-04-04 03:45:42,4677,18098800,24129000,187500000,180500000,98500000,58000000,29000000
2026-04-04 03:46:42,4677,18098800,24129000,187500000,180500000,98500000,58000000,29000000
2026-04-04 03:47:42,4677,18098800,24129000,187500000,180500000,98500000,58000000,29000000
2026-04-04 03:48:43,4677,18098800,24129000,187500000,180500000,98500000,58000000,29000000
2026-04-04 03:49:44,4677,18098800,24129000,187500000,180500000,98500000,58000000,29000000
2026-04-04 03:50:44,4677,18098800,24129000,187500000,180500000,98500000,58000000,29000000
2026-04-04 03:51:44,4677,18098800,24129000,187500000,180500000,98500000,58000000,29000000
2026-04-04 03:52:45,4677,18098800,24129000,187500000,180500000,98500000,58000000,29000000
2026-04-04 03:53:45,4677,18098800,24129000,187500000,180500000,98500000,58000000,29000000
2026-04-04 03:54:47,4677,18098800,24129000,187500000,180500000,98500000,58000000,29000000
2026-04-04 04:49:11,4677,18098800,24129000,187500000,180500000,98500000,58000000,29000000
2026-04-04 04:50:11,4677,18098800,24129000,187500000,180500000,98500000,58000000,29000000
2026-04-04 04:51:11,4677,18098800,24129000,187500000,180500000,98500000,58000000,29000000
2026-04-04 04:52:12,4677,18098800,24129000,187500000,180500000,98500000,58000000,29000000
2026-04-04 04:53:13,4677,18098800,24129000,187500000,180500000,98500000,58000000,29000000
2026-04-04 04:54:13,4677,18098800,24129000,187500000,180500000,98500000,58000000,29000000
2026-04-04 04:55:13,4677,18098800,24129000,187500000,180500000,98500000,58000000,29000000
2026-04-04 04:56:14,4677,18098800,24129000,187500000,180500000,98500000,58000000,29000000
2026-04-04 04:57:14,4677,18098800,24129000,187500000,180500000,98500000,58000000,29000000
2026-04-04 04:58:15,4677,18098800,24129000,187500000,180500000,98500000,58000000,29000000
2026-04-04 04:59:15,4677,18098800,24129000,187500000,180500000,98500000,58000000,29000000
2026-04-04 05:00:15,4677,18098800,24129000,187500000,180500000,98500000,58000000,29000000
2026-04-04 05:01:16,4677,18098800,24129000,187500000,180500000,98500000,58000000,29000000
2026-04-04 05:02:16,4677,18098800,24129000,187500000,180500000,98500000,58000000,29000000
2026-04-04 05:03:17,4677,18098800,24129000,187500000,180500000,98500000,58000000,29000000
2026-04-04 05:04:17,4677,18098800,24129000,187500000,180500000,98500000,58000000,29000000
2026-04-04 05:05:18,4677,18098800,24129000,187500000,180500000,98500000,58000000,29000000
2026-04-04 05:06:18,4677,18098800,24129000,187500000,180500000,98500000,58000000,29000000
2026-04-04 05:07:19,4677,18098800,24129000,187500000,180500000,98500000,58000000,29000000
2026-04-04 05:08:19,4677,18098800,24129000,187500000,180500000,98500000,58000000,29000000
2026-04-04 05:09:20,4677,18098800,24129000,187500000,180500000,98500000,58000000,29000000
2026-04-04 05:10:20,4677,18098800,24129000,187500000,180500000,98500000,58000000,29000000
2026-04-04 05:11:21,4677,18098800,24129000,187500000,180500000,98500000,58000000,29000000
2026-04-04 05:12:21,4677,18098800,24129000,187500000,180500000,98500000,58000000,29000000
2026-04-04 05:13:22,4677,18098800,24129000,187500000,180500000,98500000,58000000,29000000
2026-04-04 11:01:48,4677,17706300,23606000,185000000,180500000,98000000,58000000,29000000
2026-04-04 11:02:48,4677,17706300,23606000,185000000,180500000,98000000,58000000,29000000
2026-04-04 11:03:49,4677,17706300,23606000,185000000,180500000,98000000,58000000,29000000
2026-04-04 11:04:50,4677,17706300,23606000,185000000,180500000,98000000,58000000,29000000
2026-04-04 11:05:50,4677,17706300,23606000,185000000,180500000,98000000,58000000,29000000
2026-04-04 11:06:51,4677,17706300,23606000,185000000,180500000,98000000,58000000,29000000
2026-04-04 11:07:51,4677,17706300,23606000,185000000,180500000,98000000,58000000,29000000
2026-04-04 11:09:05,4677,17660100,23544000,185000000,180500000,98000000,58000000,29000000
2026-04-04 11:10:05,4677,17660100,23544000,185000000,180500000,98000000,58000000,29000000
2026-04-04 11:11:06,4677,17660100,23544000,185000000,180500000,98000000,58000000,29000000
2026-04-04 11:12:06,4677,17660100,23544000,185000000,180500000,98000000,58000000,29000000
2026-04-04 14:23:48,4677,17914100,23883000,184500000,178000000,98000000,57500000,29000000
2026-04-04 14:24:49,4677,17914100,23883000,184500000,178000000,98000000,57500000,29000000
2026-04-04 14:25:49,4677,17914100,23883000,184500000,178000000,98000000,57500000,29000000
2026-04-04 14:26:50,4677,17914100,23883000,184500000,178000000,98000000,57500000,29000000
2026-04-04 14:27:50,4677,17914100,23883000,184500000,178000000,98000000,57500000,29000000
2026-04-04 14:28:51,4677,17914100,23883000,184500000,178000000,98000000,57500000,29000000
2026-04-04 14:29:51,4677,17914100,23883000,184500000,178000000,98000000,57500000,29000000
2026-04-04 14:30:52,4677,17914100,23883000,184500000,178000000,98000000,57500000,29000000
2026-04-04 14:31:52,4677,17914100,23883000,184500000,178000000,98000000,57500000,29000000
2026-04-04 14:32:52,4677,17914100,23883000,184500000,178000000,98000000,57500000,29000000
2026-04-04 14:33:53,4677,17914100,23883000,184500000,178000000,98000000,57500000,29000000
2026-04-04 14:34:53,4677,17914100,23883000,184500000,178000000,98000000,57500000,29000000
2026-04-04 14:35:54,4677,17914100,23883000,184500000,178000000,98000000,57500000,29000000
2026-04-04 14:36:54,4677,17914100,23883000,184500000,178000000,98000000,57500000,29000000
2026-04-04 14:37:55,4677,17914100,23883000,184500000,178000000,98000000,57500000,29000000
2026-04-04 14:38:55,4677,17914100,23883000,184500000,178000000,98000000,57500000,29000000
2026-04-04 14:39:56,4677,17914100,23883000,184500000,178000000,98000000,57500000,29000000
2026-04-04 14:40:56,4677,17914100,23883000,184500000,178000000,98000000,57500000,29000000
2026-04-04 14:41:56,4677,17914100,23883000,184500000,178000000,98000000,57500000,29000000
2026-04-04 14:42:57,4677,17914100,23883000,184500000,178000000,98000000,57500000,29000000
2026-04-04 14:43:58,4677,17914100,23883000,184500000,178000000,98000000,57500000,29000000
2026-04-04 14:44:58,4677,17914100,23883000,184500000,178000000,98000000,57500000,29000000
2026-04-04 14:45:58,4677,17914100,23883000,184500000,178000000,98000000,57500000,29000000
2026-04-04 14:46:59,4677,17914100,23883000,184500000,178000000,98000000,57500000,29000000
2026-04-04 14:47:59,4677,17914100,23883000,184500000,178000000,98000000,57500000,29000000
2026-04-04 14:49:00,4677,17914100,23883000,184500000,178000000,98000000,57500000,29000000
2026-04-04 14:50:00,4677,17914100,23883000,184500000,178000000,98000000,57500000,29000000
2026-04-04 14:51:01,4677,17914100,23883000,184500000,178000000,98000000,57500000,29000000
2026-04-04 14:52:01,4677,17914100,23883000,184500000,178000000,98000000,57500000,29000000
2026-04-04 14:53:02,4677,17914100,23883000,184500000,178000000,98000000,57500000,29000000
2026-04-04 14:54:02,4677,17914100,23883000,184500000,178000000,98000000,57500000,29000000
2026-04-04 14:55:03,4677,17914100,23883000,184500000,178000000,98000000,57500000,29000000
2026-04-04 14:56:03,4677,17914100,23883000,184500000,178000000,98000000,57500000,29000000
2026-04-04 14:57:04,4677,17914100,23883000,184500000,178000000,98000000,57500000,29000000
2026-04-04 14:58:04,4677,17914100,23883000,184500000,178000000,98000000,57500000,29000000
2026-04-04 14:59:05,4677,17914100,23883000,184500000,178000000,98000000,57500000,29000000
2026-04-04 15:00:05,4677,17914100,23883000,184500000,178000000,98000000,57500000,29000000
2026-04-04 15:01:05,4677,17914100,23883000,184500000,178000000,98000000,57500000,29000000
2026-04-04 15:02:06,4677,17914100,23883000,184500000,178000000,98000000,57500000,29000000
2026-04-04 15:03:06,4677,17914100,23883000,184500000,178000000,98000000,57500000,29000000
2026-04-04 15:04:07,4677,17914100,23883000,184500000,178000000,98000000,57500000,29000000
2026-04-04 15:05:07,4677,17914100,23883000,184500000,178000000,98000000,57500000,29000000
2026-04-04 15:06:08,4677,17914100,23883000,184500000,178000000,98000000,57500000,29000000
2026-04-04 15:07:08,4677,17914100,23883000,184500000,178000000,98000000,57500000,29000000
2026-04-04 15:08:09,4677,17914100,23883000,184500000,178000000,98000000,57500000,29000000
2026-04-04 15:09:09,4677,17914100,23883000,184500000,178000000,98000000,57500000,29000000
2026-04-04 15:10:10,4677,17914100,23883000,184500000,178000000,98000000,57500000,29000000
2026-04-04 15:11:10,4677,17914100,23883000,184500000,178000000,98000000,57500000,29000000
2026-04-04 15:12:10,4677,17914100,23883000,184500000,178000000,98000000,57500000,29000000
2026-04-04 15:13:11,4677,17914100,23883000,184500000,178000000,98000000,57500000,29000000
2026-04-04 15:14:11,4677,17914100,23883000,184500000,178000000,98000000,57500000,29000000
2026-04-04 15:15:12,4677,17914100,23883000,184500000,178000000,98000000,57500000,29000000
2026-04-04 15:16:12,4677,17914100,23883000,184500000,178000000,98000000,57500000,29000000
2026-04-04 15:17:13,4677,17914100,23883000,184500000,178000000,98000000,57500000,29000000
2026-04-04 15:18:13,4677,17914100,23883000,184500000,178000000,98000000,57500000,29000000
2026-04-04 15:19:13,4677,17914100,23883000,184500000,178000000,98000000,57500000,29000000
2026-04-04 15:20:14,4677,17914100,23883000,184500000,178000000,98000000,57500000,29000000
2026-04-04 15:21:14,4677,17914100,23883000,184500000,178000000,98000000,57500000,29000000
2026-04-04 15:22:15,4677,17914100,23883000,184500000,178000000,98000000,57500000,29000000
2026-04-04 15:23:15,4677,17914100,23883000,184500000,178000000,98000000,57500000,29000000
2026-04-04 15:24:16,4677,17914100,23883000,184500000,178000000,98000000,57500000,29000000
2026-04-04 15:25:16,4677,17914100,23883000,184500000,178000000,98000000,57500000,29000000
2026-04-04 15:26:17,4677,17914100,23883000,184500000,178000000,98000000,57500000,29000000
2026-04-04 15:27:17,4677,17914100,23883000,184500000,178000000,98000000,57500000,29000000
2026-04-04 15:28:18,4677,17914100,23883000,184500000,178000000,98000000,57500000,29000000
2026-04-04 15:29:19,4677,17914100,23883000,184500000,178000000,98000000,57500000,29000000
2026-04-04 15:30:19,4677,17914100,23883000,184500000,178000000,98000000,57500000,29000000
2026-04-04 15:31:20,4677,17914100,23883000,184500000,178000000,98000000,57500000,29000000
2026-04-04 15:32:21,4677,17914100,23883000,184500000,178000000,98000000,57500000,29000000
2026-04-04 15:33:22,4677,17914100,23883000,184500000,178000000,98000000,57500000,29000000
2026-04-04 15:34:22,4677,17914100,23883000,184500000,178000000,98000000,57500000,29000000
2026-04-04 15:35:23,4677,17914100,23883000,184500000,178000000,98000000,57500000,29000000
2026-04-04 15:36:24,4677,17914100,23883000,184500000,178000000,98000000,57500000,29000000
2026-04-04 15:37:24,4677,17914100,23883000,184500000,178000000,98000000,57500000,29000000
2026-04-04 15:38:25,4677,17914100,23883000,184500000,178000000,98000000,57500000,29000000
2026-04-04 15:39:25,4677,17914100,23883000,184500000,178000000,98000000,57500000,29000000
2026-04-04 15:40:26,4677,17914100,23883000,184500000,178000000,98000000,57500000,29000000
2026-04-04 15:41:27,4677,17914100,23883000,184500000,178000000,98000000,57500000,29000000
2026-04-04 15:42:27,4677,17914100,23883000,184500000,178000000,98000000,57500000,29000000
2026-04-04 15:43:28,4677,17914100,23883000,184500000,178000000,98000000,57500000,29000000
2026-04-04 15:44:28,4677,17914100,23883000,184500000,178000000,98000000,57500000,29000000
2026-04-04 15:45:29,4677,17914100,23883000,184500000,178000000,98000000,57500000,29000000
2026-04-04 15:46:29,4677,17914100,23883000,184500000,178000000,98000000,57500000,29000000
2026-04-04 15:47:30,4677,17914100,23883000,184500000,178000000,98000000,57500000,29000000
2026-04-04 15:48:30,4677,17914100,23883000,184500000,178000000,98000000,57500000,29000000
2026-04-04 15:49:31,4677,17891000,23852000,184000000,177500000,97500000,57000000,28000000
2026-04-04 15:50:32,4677,17891000,23852000,184000000,177500000,97500000,57000000,28500000
2026-04-04 15:51:32,4677,17891000,23852000,184000000,177500000,97500000,57000000,28500000
2026-04-04 15:52:33,4677,17891000,23852000,184000000,177500000,97500000,57000000,28500000
2026-04-04 15:53:34,4677,17867900,23821000,183500000,177500000,97500000,57000000,28500000
2026-04-04 15:54:34,4677,17867900,23821000,183500000,177500000,97500000,57000000,28500000
2026-04-04 15:55:35,4677,17867900,23821000,183500000,177500000,97500000,57000000,28500000
2026-04-04 15:56:35,4677,17867900,23821000,183500000,177500000,97500000,57000000,28500000
2026-04-04 15:57:36,4677,17867900,23821000,183500000,177500000,97500000,57000000,28500000
2026-04-04 15:58:36,4677,17867900,23821000,183500000,177500000,97500000,57000000,28500000
2026-04-04 15:59:37,4677,17867900,23821000,183500000,177500000,97500000,57000000,28500000
2026-04-04 16:00:37,4677,17867900,23821000,183500000,177500000,97500000,57000000,28500000
2026-04-04 16:01:38,4677,17867900,23821000,183500000,177500000,97500000,57000000,28500000
2026-04-04 16:02:39,4677,17867900,23821000,183500000,177500000,97500000,57000000,28500000
2026-04-04 16:03:39,4677,17867900,23821000,183500000,177500000,97500000,57000000,28500000
2026-04-04 16:04:39,4677,17867900,23821000,183500000,177500000,97500000,57000000,28500000
2026-04-04 16:05:40,4677,17867900,23821000,183500000,177500000,97500000,57000000,28500000
2026-04-04 16:06:40,4677,17867900,23821000,183500000,177500000,97500000,57000000,28500000
2026-04-04 16:07:41,4677,17867900,23821000,183500000,177500000,97500000,57000000,28500000
2026-04-04 16:08:41,4677,17867900,23821000,183500000,177500000,97500000,57000000,28500000
2026-04-04 16:09:42,4677,17867900,23821000,183500000,177500000,97500000,57000000,28500000
2026-04-04 16:10:42,4677,17867900,23821000,183500000,177500000,97500000,57000000,28500000
2026-04-04 16:11:43,4677,17867900,23821000,183500000,177500000,97500000,57000000,28500000
2026-04-04 16:12:43,4677,17867900,23821000,183500000,177500000,97500000,57000000,28500000
2026-04-04 16:13:44,4677,17867900,23821000,183500000,177500000,97500000,57000000,28500000
2026-04-04 16:14:44,4677,17867900,23821000,183500000,177500000,97500000,57000000,28500000
2026-04-04 16:15:45,4677,17867900,23821000,183500000,177500000,97500000,57000000,28500000
2026-04-04 16:16:45,4677,17867900,23821000,183500000,177500000,97500000,57000000,28500000
2026-04-04 16:17:50,4677,17867900,23821000,183500000,177500000,97500000,57000000,28500000
2026-04-04 16:19:03,4677,17867900,23821000,183500000,177500000,97500000,57000000,28500000
2026-04-04 16:20:03,4677,17867900,23821000,183500000,177500000,97500000,57000000,28500000
2026-04-04 16:21:04,4677,17867900,23821000,183500000,177500000,97500000,57000000,28500000
2026-04-04 16:22:04,4677,17867900,23821000,183500000,177500000,97500000,57000000,28500000
2026-04-04 16:23:04,4677,17867900,23821000,183500000,177500000,97500000,57000000,28500000
2026-04-04 16:24:05,4677,17867900,23821000,183500000,177500000,97500000,57000000,28500000
2026-04-04 16:25:05,4677,17867900,23821000,183500000,177500000,97500000,57000000,28500000
2026-04-04 16:26:06,4677,17867900,23821000,183500000,177500000,97500000,57000000,28500000
2026-04-04 16:27:07,4677,17867900,23821000,183500000,177500000,97500000,57000000,28500000
2026-04-04 16:28:07,4677,17867900,23821000,183500000,177500000,97500000,57000000,28500000
2026-04-04 16:29:08,4677,17867900,23821000,183500000,177500000,97500000,57000000,28500000
2026-04-04 16:30:08,4677,17867900,23821000,183500000,177500000,97500000,57000000,28500000
2026-04-04 16:31:09,4677,17867900,23821000,183500000,177500000,97500000,57000000,28500000
2026-04-04 16:32:09,4677,17867900,23821000,183500000,177500000,97500000,57000000,28500000
2026-04-04 16:33:10,4677,17867900,23821000,183500000,177500000,97500000,57000000,28500000
2026-04-04 16:34:11,4677,17867900,23821000,183500000,177500000,97500000,57000000,28500000
2026-04-04 16:35:11,4677,17867900,23821000,183500000,177500000,97500000,57000000,28500000
2026-04-04 16:36:12,4677,17867900,23821000,183500000,177500000,97500000,57000000,28500000
2026-04-04 16:37:12,4677,17867900,23821000,183500000,177500000,97500000,57000000,28500000
2026-04-04 16:38:13,4677,17867900,23821000,183500000,177500000,97500000,57000000,28500000
2026-04-04 16:39:14,4677,17867900,23821000,183500000,177500000,97500000,57000000,28500000
2026-04-04 16:40:14,4677,17867900,23821000,183500000,177500000,97500000,57000000,28500000
2026-04-04 16:41:15,4677,17867900,23821000,183500000,177500000,97500000,57000000,28500000
2026-04-04 16:42:15,4677,17867900,23821000,183500000,177500000,97500000,57000000,28500000
2026-04-04 16:43:16,4677,17867900,23821000,183500000,177500000,97500000,57000000,28500000
2026-04-04 16:44:16,4677,17867900,23821000,183500000,177500000,97500000,57000000,28500000
2026-04-04 16:45:17,4677,17867900,23821000,183500000,177500000,97500000,57000000,28500000
2026-04-04 16:46:18,4677,17867900,23821000,183500000,177500000,97500000,57000000,28500000
2026-04-04 16:47:18,4677,17867900,23821000,183500000,177500000,97500000,57000000,28500000
2026-04-04 16:48:19,4677,17867900,23821000,183500000,177500000,97500000,57000000,28500000
2026-04-04 16:49:19,4677,17867900,23821000,183500000,177500000,97500000,57000000,28500000
2026-04-04 16:50:20,4677,17867900,23821000,183500000,177500000,97500000,57000000,28500000
2026-04-04 16:51:20,4677,17844800,23790000,183000000,177000000,97000000,56500000,28500000
2026-04-04 16:52:21,4677,17821700,23759000,183000000,177000000,97000000,56500000,28500000
2026-04-04 16:53:22,4677,17821700,23759000,183000000,177000000,97000000,56500000,28500000
2026-04-04 16:54:22,4677,17821700,23759000,183000000,177000000,97000000,56500000,28500000
2026-04-04 16:55:23,4677,17821700,23759000,183000000,177000000,97000000,56500000,28500000
2026-04-04 16:56:23,4677,17821700,23759000,183000000,177000000,97000000,56500000,28500000
2026-04-04 16:57:24,4677,17821700,23759000,183000000,177000000,97000000,56500000,28500000
2026-04-04 16:58:24,4677,17821700,23759000,183000000,177000000,97000000,56500000,28500000
2026-04-04 16:59:25,4677,17821700,23759000,183000000,177000000,97000000,56500000,28500000
2026-04-04 17:00:25,4677,17821700,23759000,183000000,177000000,97000000,56500000,28500000
2026-04-04 17:01:26,4677,17821700,23759000,183000000,177000000,97000000,56500000,28500000
2026-04-04 17:02:26,4677,17821700,23759000,183000000,177000000,97000000,56500000,28500000
2026-04-04 17:03:27,4677,17821700,23759000,183000000,177000000,97000000,56500000,28500000
2026-04-04 17:04:27,4677,17821700,23759000,183000000,177000000,97000000,56500000,28500000
2026-04-04 17:05:28,4677,17821700,23759000,183000000,177000000,97000000,56500000,28500000
2026-04-04 17:06:28,4677,17821700,23759000,183000000,177000000,97000000,56500000,28500000
2026-04-04 17:07:29,4677,17821700,23759000,183000000,177000000,97000000,56500000,28500000
2026-04-04 17:08:29,4677,17821700,23759000,183000000,177000000,97000000,56500000,28500000
2026-04-04 17:09:30,4677,17821700,23759000,183000000,177000000,97000000,56500000,28500000
2026-04-04 17:10:31,4677,17810200,23744000,183000000,177000000,97000000,56500000,28500000
2026-04-04 17:11:31,4677,17810200,23744000,183000000,177000000,97000000,56500000,28500000
2026-04-04 17:12:32,4677,17810200,23744000,183000000,177000000,97000000,56500000,28500000
2026-04-04 17:13:32,4677,17810200,23744000,183000000,177000000,97000000,56500000,28500000
2026-04-04 17:14:33,4677,17810200,23744000,183000000,177000000,97000000,56500000,28500000
2026-04-04 17:15:33,4677,17810200,23744000,183000000,177000000,97000000,56500000,28500000
2026-04-04 17:16:34,4677,17810200,23744000,183000000,177000000,97000000,56500000,28500000
2026-04-04 17:17:34,4677,17810200,23744000,183000000,177000000,97000000,56500000,28500000
2026-04-04 17:18:35,4677,17810200,23744000,183000000,177000000,97000000,56500000,28500000
2026-04-04 17:19:35,4677,17810200,23744000,183000000,177000000,97000000,56500000,28500000
2026-04-04 17:20:36,4677,17810200,23744000,183000000,177000000,97000000,56500000,28500000
2026-04-04 17:21:36,4677,17810200,23744000,183000000,177000000,97000000,56500000,28500000
2026-04-04 17:22:37,4677,17810200,23744000,183000000,177000000,97000000,56500000,28500000
2026-04-04 17:23:37,4677,17810200,23744000,183000000,177000000,97000000,56500000,28500000
2026-04-04 17:24:38,4677,17810200,23744000,183000000,177000000,97000000,56500000,28500000
2026-04-04 17:25:38,4677,17810200,23744000,183000000,177000000,97000000,56500000,28500000
2026-04-04 17:26:39,4677,17810200,23744000,183000000,177000000,97000000,56500000,28500000
2026-04-04 17:27:39,4677,17810200,23744000,183000000,177000000,97000000,56500000,28500000
2026-04-04 17:28:40,4677,17810200,23744000,183000000,177000000,97000000,56500000,28500000
2026-04-04 17:29:41,4677,17810200,23744000,183000000,177000000,97000000,56500000,28500000
2026-04-04 17:30:41,4677,17821700,23759000,183000000,177000000,97000000,56500000,28500000
2026-04-04 17:31:42,4677,17821700,23759000,183000000,177000000,97000000,56500000,28500000
2026-04-04 17:32:42,4677,17821700,23759000,183000000,177000000,97000000,56500000,28500000
2026-04-04 17:33:43,4677,17821700,23759000,183000000,177000000,97000000,56500000,28500000
2026-04-04 17:34:44,4677,17821700,23759000,183000000,177000000,97000000,56500000,28500000
2026-04-04 17:35:44,4677,17821700,23759000,183000000,177000000,97000000,56500000,28500000
2026-04-04 17:36:45,4677,17821700,23759000,183000000,177000000,97000000,56500000,28500000
2026-04-04 17:37:45,4677,17798700,23729000,182500000,177000000,97000000,56500000,28500000
2026-04-04 17:38:47,4677,17798700,23729000,182500000,177000000,97000000,56500000,28500000
2026-04-04 17:39:47,4677,17798700,23729000,182500000,177000000,97000000,56500000,28500000
2026-04-04 17:40:48,4677,17798700,23729000,182500000,177000000,97000000,56500000,28500000
2026-04-04 17:41:56,4677,17798700,23729000,182500000,177000000,97000000,56500000,28500000
2026-04-04 17:42:57,4677,17798700,23729000,182500000,177000000,97000000,56500000,28500000
2026-04-04 17:43:57,4677,17798700,23729000,182500000,177000000,97000000,56500000,28500000
2026-04-04 17:44:58,4677,17798700,23729000,182500000,177000000,97000000,56500000,28500000
2026-04-04 17:45:59,4677,17798700,23729000,182500000,177000000,97000000,56500000,28500000
2026-04-04 17:46:59,4677,17798700,23729000,182500000,177000000,97000000,56500000,28500000
2026-04-04 17:48:00,4677,17798700,23729000,182500000,177000000,97000000,56500000,28500000
2026-04-04 17:49:00,4677,17798700,23729000,182500000,177000000,97000000,56500000,28500000
2026-04-04 17:50:01,4677,17798700,23729000,182500000,177000000,97000000,56500000,28500000
2026-04-04 17:51:01,4677,17798700,23729000,182500000,177000000,97000000,56500000,28500000
2026-04-04 17:52:01,4677,17798700,23729000,182500000,177000000,97000000,56500000,28500000
2026-04-04 17:53:02,4677,17798700,23729000,182500000,177000000,97000000,56500000,28500000
2026-04-04 17:54:02,4677,17798700,23729000,182500000,177000000,97000000,56500000,28500000
2026-04-04 17:55:03,4677,17798700,23729000,182500000,177000000,97000000,56500000,28500000
2026-04-04 17:56:04,4677,17798700,23729000,182500000,177000000,97000000,56500000,28500000
2026-04-04 17:57:04,4677,17798700,23729000,182500000,177000000,97000000,56500000,28500000
2026-04-04 17:58:05,4677,17798700,23729000,182500000,177000000,97000000,56500000,28500000
2026-04-04 17:59:05,4677,17798700,23729000,182500000,177000000,97000000,56500000,28500000
2026-04-04 18:00:06,4677,17798700,23729000,182500000,177000000,97000000,56500000,28500000
2026-04-04 18:01:06,4677,17798700,23729000,182500000,177000000,97000000,56500000,28500000
2026-04-04 18:02:07,4677,17798700,23729000,182500000,177000000,97000000,56500000,28500000
2026-04-04 18:03:08,4677,17798700,23729000,182500000,177000000,97000000,56500000,28500000
2026-04-04 18:04:08,4677,17798700,23729000,182500000,177000000,97000000,56500000,28500000
2026-04-04 18:05:09,4677,17798700,23729000,182500000,177000000,97000000,56500000,28500000
2026-04-04 18:06:09,4677,17798700,23729000,182500000,177000000,97000000,56500000,28500000
2026-04-04 18:07:10,4677,17798700,23729000,182500000,177000000,97000000,56500000,28500000
2026-04-04 18:08:10,4677,17798700,23729000,182500000,177000000,97000000,56500000,28500000
2026-04-04 18:09:11,4677,17844800,23790000,182500000,177000000,97000000,56500000,28500000
2026-04-04 18:10:11,4677,17844800,23790000,182500000,177000000,97000000,56500000,28500000
2026-04-04 18:11:12,4677,17844800,23790000,182500000,177000000,97000000,56500000,28500000
2026-04-04 18:12:12,4677,17844800,23790000,182500000,177000000,97000000,56500000,28500000
2026-04-04 18:13:13,4677,17844800,23790000,182500000,177000000,97000000,56500000,28500000
2026-04-04 18:14:13,4677,17844800,23790000,182500000,177000000,97000000,56500000,28500000
2026-04-04 18:15:14,4677,17844800,23790000,182500000,177000000,97000000,56500000,28500000
2026-04-04 18:16:14,4677,17844800,23790000,182500000,177000000,97000000,56500000,28500000
2026-04-04 18:17:15,4677,17844800,23790000,182500000,177000000,97000000,56500000,28500000
2026-04-04 18:18:15,4677,17844800,23790000,183000000,177000000,97000000,56500000,28500000
2026-04-04 18:19:16,4677,17844800,23790000,183000000,177000000,97000000,56500000,28500000
2026-04-04 18:20:16,4677,17844800,23790000,183000000,177000000,97000000,56500000,28500000
2026-04-04 18:21:17,4677,17844800,23790000,183000000,177000000,97000000,56500000,28500000
2026-04-04 18:22:17,4677,17844800,23790000,183000000,177000000,97000000,56500000,28500000
2026-04-04 18:23:18,4677,17844800,23790000,183000000,177000000,97000000,56500000,28500000
2026-04-04 18:24:18,4677,17844800,23790000,183000000,177000000,97000000,56500000,28500000
2026-04-04 18:25:19,4677,17867900,23821000,183000000,177000000,97000000,56500000,28500000
2026-04-04 18:26:19,4677,17867900,23821000,183000000,177000000,97000000,56500000,28500000
2026-04-04 18:27:20,4677,17867900,23821000,183000000,177000000,97000000,56500000,28500000
2026-04-04 18:28:20,4677,17867900,23821000,183000000,177000000,97000000,56500000,28500000
2026-04-04 18:29:21,4677,17867900,23821000,183000000,177000000,97000000,56500000,28500000
2026-04-04 18:30:21,4677,17867900,23821000,183000000,177000000,97000000,56500000,28500000
2026-04-04 18:31:22,4677,17867900,23821000,183000000,177000000,97000000,56500000,28500000
2026-04-04 18:32:22,4677,17867900,23821000,183000000,177000000,97000000,56500000,28500000
2026-04-04 18:33:23,4677,17867900,23821000,183000000,177000000,97000000,56500000,28500000
2026-04-04 18:34:23,4677,17867900,23821000,183000000,177000000,97000000,56500000,28500000
2026-04-04 18:35:24,4677,17867900,23821000,183000000,177000000,97000000,56500000,28500000
2026-04-04 18:36:24,4677,17867900,23821000,183000000,177000000,97000000,56500000,28500000
2026-04-04 18:37:25,4677,17867900,23821000,183000000,177000000,97000000,56500000,28500000
2026-04-04 18:38:25,4677,17867900,23821000,183000000,177000000,97000000,56500000,28500000
2026-04-04 18:39:26,4677,17867900,23821000,183000000,177000000,97000000,56500000,28500000
2026-04-04 18:40:26,4677,17867900,23821000,183000000,177000000,97000000,56500000,28500000
2026-04-04 18:41:27,4677,17867900,23821000,183000000,177000000,97000000,56500000,28500000
2026-04-04 18:42:27,4677,17867900,23821000,183000000,177000000,97000000,56500000,28500000
2026-04-04 18:43:28,4677,17867900,23821000,183000000,177000000,97000000,56500000,28500000
2026-04-04 18:44:28,4677,17867900,23821000,183000000,177000000,97000000,56500000,28500000
2026-04-04 18:45:29,4677,17867900,23821000,183000000,177000000,97000000,56500000,28500000
2026-04-04 18:46:29,4677,17867900,23821000,183000000,177000000,97000000,56500000,28500000
2026-04-04 18:47:30,4677,17867900,23821000,183000000,177000000,97000000,56500000,28500000
2026-04-04 18:48:30,4677,17867900,23821000,183000000,177000000,97000000,56500000,28500000
2026-04-04 18:49:31,4677,17867900,23821000,183000000,177000000,97000000,56500000,28500000
2026-04-04 18:50:31,4677,17867900,23821000,183000000,177000000,97000000,56500000,28500000
2026-04-04 18:51:31,4677,17867900,23821000,183000000,177000000,97000000,56500000,28500000
2026-04-04 18:52:32,4677,17867900,23821000,183000000,177000000,97000000,56500000,28500000
2026-04-04 18:53:32,4677,17867900,23821000,183000000,177000000,97000000,56500000,28500000
2026-04-04 18:54:33,4677,17867900,23821000,183000000,177000000,97000000,56500000,28500000
2026-04-04 18:55:33,4677,17867900,23821000,183000000,177000000,97000000,56500000,28500000
2026-04-04 18:56:34,4677,17867900,23821000,183000000,177000000,97000000,56500000,28500000
2026-04-04 18:57:35,4677,17867900,23821000,183000000,177000000,97000000,56500000,28500000
2026-04-04 18:58:35,4677,17867900,23821000,183000000,177000000,97000000,56500000,28500000
2026-04-04 18:59:36,4677,17867900,23821000,183000000,177000000,97000000,56500000,28500000
2026-04-04 19:00:36,4677,17867900,23821000,183000000,177000000,97000000,56500000,28500000
2026-04-04 19:01:37,4677,17867900,23821000,183000000,177000000,97000000,56500000,28500000
2026-04-04 19:02:37,4677,17867900,23821000,183000000,177000000,97000000,56500000,28500000
2026-04-04 19:03:38,4677,17867900,23821000,183000000,177000000,97000000,56500000,28500000
2026-04-04 19:04:38,4677,17867900,23821000,183000000,177000000,97000000,56500000,28500000
2026-04-04 19:05:39,4677,17867900,23821000,183000000,177000000,97000000,56500000,28500000
2026-04-04 19:06:39,4677,17867900,23821000,183000000,177000000,97000000,56500000,28500000
2026-04-04 19:07:40,4677,17867900,23821000,183000000,177000000,97000000,56500000,28500000
2026-04-04 19:08:41,4677,17867900,23821000,183000000,177000000,97000000,56500000,28500000
2026-04-04 19:09:41,4677,17867900,23821000,183000000,177000000,97000000,56500000,28500000
2026-04-04 19:10:42,4677,17867900,23821000,183000000,177000000,97000000,56500000,28500000
2026-04-04 19:11:42,4677,17867900,23821000,183000000,177000000,97000000,56500000,28500000
2026-04-04 19:12:43,4677,17867900,23821000,183000000,177000000,97000000,56500000,28500000
2026-04-04 19:13:46,4677,17867900,23821000,183000000,177000000,97000000,56500000,28500000
2026-04-04 19:14:51,4677,17867900,23821000,183000000,177000000,97000000,56500000,28500000
2026-04-04 19:15:54,4677,17867900,23821000,183000000,177000000,97000000,56500000,28500000
2026-04-04 19:16:55,4677,17867900,23821000,183000000,177000000,97000000,56500000,28500000
2026-04-04 19:17:55,4677,17867900,23821000,183000000,177000000,97000000,56500000,28500000
2026-04-04 19:18:56,4677,17867900,23821000,183000000,177000000,97000000,56500000,28500000
2026-04-04 19:19:56,4677,17867900,23821000,183000000,177000000,97000000,56500000,28500000
2026-04-04 19:21:08,4677,17867900,23821000,183000000,177000000,97000000,56500000,28500000
2026-04-04 19:22:09,4677,17867900,23821000,183000000,177000000,97000000,56500000,28500000
2026-04-04 19:23:10,4677,17867900,23821000,183000000,177000000,97000000,56500000,28500000
2026-04-04 19:24:10,4677,17867900,23821000,183000000,177000000,97000000,56500000,28500000
2026-04-04 19:25:11,4677,17867900,23821000,183000000,177000000,97000000,56500000,28500000
2026-04-04 19:26:12,4677,17867900,23821000,183000000,177000000,97000000,56500000,28500000
2026-04-04 19:27:13,4677,17867900,23821000,183000000,177000000,97000000,56500000,28500000
2026-04-04 19:28:13,4677,17867900,23821000,183000000,177000000,97000000,56500000,28500000
2026-04-04 19:29:14,4677,17867900,23821000,183000000,177000000,97000000,56500000,28500000
2026-04-04 19:30:15,4677,17867900,23821000,183000000,177000000,97000000,56500000,28500000
2026-04-04 19:31:15,4677,17867900,23821000,183000000,177000000,97000000,56500000,28500000
2026-04-04 19:32:16,4677,17867900,23821000,183000000,177000000,97000000,56500000,28500000
2026-04-04 19:33:16,4677,17867900,23821000,183000000,177000000,97000000,56500000,28500000
2026-04-04 19:34:17,4677,17867900,23821000,183000000,177000000,97000000,56500000,28500000
2026-04-04 19:35:18,4677,17867900,23821000,183000000,177000000,97000000,56500000,28500000
2026-04-04 19:36:18,4677,17867900,23821000,183000000,177000000,97000000,56500000,28500000
2026-04-04 19:37:19,4677,17867900,23821000,183000000,177000000,97000000,56500000,28500000
2026-04-04 19:38:19,4677,17867900,23821000,183000000,177000000,97000000,56500000,28500000
2026-04-04 19:39:20,4677,17867900,23821000,183000000,177000000,97000000,56500000,28500000
2026-04-04 19:40:21,4677,17867900,23821000,183000000,177000000,97000000,56500000,28500000
2026-04-04 21:08:43,4677,17867900,23821000,183000000,177000000,97000000,56500000,28500000
2026-04-04 21:09:43,4677,17867900,23821000,183000000,177000000,97000000,56500000,28500000
2026-04-04 21:10:44,4677,17867900,23821000,183000000,177000000,97000000,56500000,28500000
2026-04-04 21:11:44,4677,17867900,23821000,183000000,177000000,97000000,56500000,28500000
2026-04-04 21:12:45,4677,17867900,23821000,183000000,177000000,97000000,56500000,28500000
2026-04-04 21:13:47,4677,17867900,23821000,183000000,177000000,97000000,56500000,28500000
2026-04-04 21:14:47,4677,17867900,23821000,183000000,177000000,97000000,56500000,28500000
2026-04-04 21:15:48,4677,17844800,23790000,183000000,177000000,97000000,56500000,28500000
2026-04-04 21:16:49,4677,17844800,23790000,183000000,177000000,97000000,56500000,28500000
2026-04-04 21:17:50,4677,17844800,23790000,183000000,177000000,97000000,56500000,28500000
2026-04-04 21:18:53,4677,17844800,23790000,183000000,177000000,97000000,56500000,28500000
2026-04-04 21:19:54,4677,17844800,23790000,183000000,177000000,97000000,56500000,28500000
2026-04-04 21:20:55,4677,17844800,23790000,183000000,177000000,97000000,56500000,28500000
2026-04-04 21:21:55,4677,17844800,23790000,183000000,177000000,97000000,56500000,28500000
2026-04-04 21:22:56,4677,17844800,23790000,183000000,177000000,97000000,56500000,28500000
2026-04-04 21:23:56,4677,17844800,23790000,183000000,177000000,97000000,56500000,28500000
2026-04-04 21:24:57,4677,17844800,23790000,183000000,177000000,97000000,56500000,28500000
2026-04-04 21:25:58,4677,17844800,23790000,183000000,177000000,97000000,56500000,28500000
2026-04-04 21:26:58,4677,17844800,23790000,183000000,177000000,97000000,56500000,28500000
2026-04-04 21:27:59,4677,17844800,23790000,183000000,177000000,97000000,56500000,28500000
2026-04-04 21:28:59,4677,17844800,23790000,183000000,177000000,97000000,56500000,28500000
2026-04-04 21:30:00,4677,17844800,23790000,183000000,177000000,97000000,56500000,28500000
2026-04-04 21:31:00,4677,17844800,23790000,183000000,177000000,97000000,56500000,28500000
2026-04-04 21:32:01,4677,17844800,23790000,183000000,177000000,97000000,56500000,28500000
2026-04-04 21:33:01,4677,17844800,23790000,183000000,177000000,97000000,56500000,28500000
2026-04-04 21:34:01,4677,17844800,23790000,183000000,177000000,97000000,56500000,28500000
2026-04-04 21:35:02,4677,17844800,23790000,183000000,177000000,97000000,56500000,28500000
2026-04-04 21:36:02,4677,17844800,23790000,183000000,177000000,97000000,56500000,28500000
2026-04-04 21:37:03,4677,17844800,23790000,183000000,177000000,97000000,56500000,28500000
2026-04-04 21:38:03,4677,17844800,23790000,183000000,177000000,97000000,56500000,28500000
2026-04-04 21:39:04,4677,17844800,23790000,183000000,177000000,97000000,56500000,28500000
2026-04-04 21:40:09,4677,17844800,23790000,183000000,177000000,97000000,56500000,28500000
2026-04-04 21:41:10,4677,17844800,23790000,183000000,177000000,97000000,56500000,28500000
2026-04-04 21:42:10,4677,17844800,23790000,183000000,177000000,97000000,56500000,28500000
2026-04-04 21:43:11,4677,17844800,23790000,183000000,177000000,97000000,56500000,28500000
2026-04-06 01:19:03,4677,17983300,23975000,184200000,177500000,98000000,57500000,28500000
2026-04-06 01:20:05,4677,17983300,23975000,184200000,177500000,98000000,57500000,28500000
2026-04-06 01:21:05,4677,17983300,23975000,184200000,177500000,98000000,57500000,28500000
2026-04-06 01:22:11,4677,17983300,23975000,184200000,177500000,98000000,57500000,28500000
2026-04-06 01:23:11,4677,17983300,23975000,184200000,177500000,98000000,57500000,28500000
2026-04-06 21:58:15,4656,18237300,24313000,185500000,179500000,99500000,57500000,29100000
2026-04-06 21:59:15,4656,18237300,24313000,185500000,179500000,99500000,57500000,29100000
2026-04-06 22:00:16,4656,18237300,24313000,185500000,179500000,99500000,57500000,29100000
2026-04-06 22:01:16,4656,18237300,24313000,185500000,179500000,99500000,57500000,29100000
2026-04-06 22:02:17,4656,18237300,24313000,185500000,179500000,99500000,57500000,29100000
2026-04-06 22:03:18,4656,18237300,24313000,185500000,179500000,99500000,57500000,29100000
2026-04-06 22:04:19,4656,18237300,24313000,185500000,179500000,99500000,57500000,29100000
2026-04-06 22:05:20,4656,18237300,24313000,185500000,179500000,99500000,57500000,29100000
2026-04-06 22:06:21,4656,18237300,24313000,185500000,179500000,99500000,57500000,29100000
2026-04-06 22:07:21,4656,18237300,24313000,185500000,179500000,99500000,57500000,29100000
2026-04-06 22:08:22,4656,18237300,24313000,185500000,179500000,99500000,57500000,29100000
2026-04-06 22:09:24,4656,18237300,24313000,185500000,179500000,99500000,57500000,29100000
2026-04-06 22:10:24,4656,18237300,24313000,185500000,179500000,99500000,57500000,29100000
2026-04-06 22:11:25,4656,18237300,24313000,185500000,179500000,99500000,57500000,29100000
2026-04-06 22:12:25,4656,18237300,24313000,185500000,179500000,99500000,57500000,29100000
2026-04-06 22:13:26,4656,18237300,24313000,185500000,179500000,99500000,57500000,29100000
